{
  "results": [
    {
      "command": "py run_pyttern.py LinkedListRemove CannotChainMemberAccesses",
      "mean": 270.948471886,
      "stddev": 5.842053283127454,
      "median": 271.156103466,
      "user": 253.1328125,
      "system": 5.1284375,
      "min": 262.109325966,
      "max": 276.570432166,
      "times": [
        262.109325966,
        269.120863166,
        271.156103466,
        276.570432166,
        275.78563466599996
      ],
      "exit_codes": [
        0,
        0,
        0,
        0,
        0
      ]
    },
    {
      "command": "py run_flake8.py LinkedListRemove CannotChainMemberAccesses",
      "mean": 1200.1780655859998,
      "stddev": 3.9032716526915148,
      "median": 1199.430587766,
      "user": 626.6265625,
      "system": 430.70343749999995,
      "min": 1194.952941266,
      "max": 1205.279518666,
      "times": [
        1205.279518666,
        1198.786456866,
        1199.430587766,
        1202.440823366,
        1194.952941266
      ],
      "exit_codes": [
        0,
        0,
        0,
        0,
        0
      ]
    },
    {
      "command": "py run_regex.py LinkedListRemove CannotChainMemberAccesses",
      "mean": 2.141487086,
      "stddev": 0.050119775958218336,
      "median": 2.126725566,
      "user": 1.2546875,
      "system": 0.7534375000000001,
      "min": 2.100083866,
      "max": 2.228039066,
      "times": [
        2.100083866,
        2.135318466,
        2.228039066,
        2.126725566,
        2.117268466
      ],
      "exit_codes": [
        0,
        0,
        0,
        0,
        0
      ]
    }
  ]
}
