{
  "results": [
    {
      "command": "py run_pyttern.py QBF01 ComparisonWithBoolLiteral",
      "mean": 652.966685266,
      "stddev": 24.010523845160456,
      "median": 641.810709926,
      "user": 616.1303125000001,
      "system": 8.6678125,
      "min": 639.567249226,
      "max": 695.6275260259999,
      "times": [
        695.6275260259999,
        641.810709926,
        646.928081426,
        640.8998597259999,
        639.567249226
      ],
      "exit_codes": [
        0,
        0,
        0,
        0,
        0
      ]
    },
    {
      "command": "py run_flake8.py QBF01 ComparisonWithBoolLiteral",
      "mean": 1862.1356914060002,
      "stddev": 4.686208704823123,
      "median": 1861.555894026,
      "user": 950.2303125000001,
      "system": 676.4084375,
      "min": 1855.215726026,
      "max": 1867.678703326,
      "times": [
        1867.678703326,
        1855.215726026,
        1861.2458184260001,
        1864.982315226,
        1861.555894026
      ],
      "exit_codes": [
        0,
        0,
        0,
        0,
        0
      ]
    },
    {
      "command": "py run_regex.py QBF01 ComparisonWithBoolLiteral",
      "mean": 2.5530366460000002,
      "stddev": 0.06025210406813197,
      "median": 2.561531126,
      "user": 1.6084375000000002,
      "system": 0.7865624999999999,
      "min": 2.469523926,
      "max": 2.611874726,
      "times": [
        2.605183026,
        2.517070426,
        2.611874726,
        2.561531126,
        2.469523926
      ],
      "exit_codes": [
        0,
        0,
        0,
        0,
        0
      ]
    },
    {
      "command": "py run_codeql.py QBF01 ComparisonWithBoolLiteral",
      "mean": 18.219362446,
      "stddev": 0.17294932821074316,
      "median": 18.175814326,
      "user": 37.230312500000004,
      "system": 3.6521875,
      "min": 18.013312126,
      "max": 18.423771626,
      "times": [
        18.423771626,
        18.114504026,
        18.369410126000002,
        18.013312126,
        18.175814326
      ],
      "exit_codes": [
        0,
        0,
        0,
        0,
        0
      ]
    }
  ]
}
