{
  "results": [
    {
      "command": "py run_pyttern.py Fibonacci DeferredReturn",
      "mean": 538.9397098019999,
      "stddev": 11.2476896268359,
      "median": 537.2100327219999,
      "user": 506.2153125,
      "system": 6.493437500000001,
      "min": 530.420116422,
      "max": 558.1537315219999,
      "times": [
        558.1537315219999,
        530.420116422,
        537.2100327219999,
        531.208886822,
        537.7057815219999
      ],
      "exit_codes": [
        0,
        0,
        0,
        0,
        0
      ]
    },
    {
      "command": "py run_flake8.py Fibonacci DeferredReturn",
      "mean": 1793.0142410020003,
      "stddev": 12.560386179966873,
      "median": 1792.896821722,
      "user": 963.1621875000001,
      "system": 621.3778125000001,
      "min": 1780.685227622,
      "max": 1810.197540822,
      "times": [
        1792.896821722,
        1810.197540822,
        1780.685227622,
        1799.934243722,
        1781.357371122
      ],
      "exit_codes": [
        0,
        0,
        0,
        0,
        0
      ]
    },
    {
      "command": "py run_regex.py Fibonacci DeferredReturn",
      "mean": 2.450247802,
      "stddev": 0.14394581338549606,
      "median": 2.416063522,
      "user": 1.4309375,
      "system": 0.8309374999999999,
      "min": 2.286207222,
      "max": 2.6815138220000003,
      "times": [
        2.453398022,
        2.286207222,
        2.416063522,
        2.414056422,
        2.6815138220000003
      ],
      "exit_codes": [
        0,
        0,
        0,
        0,
        0
      ]
    },
    {
      "command": "py run_codeql.py Fibonacci DeferredReturn",
      "mean": 24.963068642,
      "stddev": 0.3363118675419918,
      "median": 24.756875122,
      "user": 53.57781250000001,
      "system": 4.627812499999999,
      "min": 24.661815221999998,
      "max": 25.369268022,
      "times": [
        25.369268022,
        24.740718221999998,
        24.756875122,
        25.286666622,
        24.661815221999998
      ],
      "exit_codes": [
        0,
        0,
        0,
        0,
        0
      ]
    }
  ]
}
