{
  "results": [
    {
      "command": "py run_pyttern.py LinkedListRemove DelSelf",
      "mean": 300.919355326,
      "stddev": 4.531910377387418,
      "median": 298.93271922599996,
      "user": 281.47218749999996,
      "system": 5.1140625,
      "min": 297.181791326,
      "max": 307.683381726,
      "times": [
        307.683381726,
        297.404106926,
        297.181791326,
        298.93271922599996,
        303.39477742599996
      ],
      "exit_codes": [
        0,
        0,
        0,
        0,
        0
      ]
    },
    {
      "command": "py run_flake8.py LinkedListRemove DelSelf",
      "mean": 1422.203059846,
      "stddev": 17.327075918656707,
      "median": 1434.6431463259999,
      "user": 765.1534375,
      "system": 495.4390625,
      "min": 1400.019250926,
      "max": 1434.801760926,
      "times": [
        1434.6431463259999,
        1434.801760926,
        1434.761820726,
        1406.7893203259998,
        1400.019250926
      ],
      "exit_codes": [
        0,
        0,
        0,
        0,
        0
      ]
    },
    {
      "command": "py run_regex.py LinkedListRemove DelSelf",
      "mean": 2.1516462460000003,
      "stddev": 0.203383098762857,
      "median": 2.051219826,
      "user": 1.2753125,
      "system": 0.6765625,
      "min": 1.9603378260000002,
      "max": 2.3836558260000005,
      "times": [
        2.051219826,
        2.3592198260000004,
        2.3836558260000005,
        1.9603378260000002,
        2.0037979260000003
      ],
      "exit_codes": [
        0,
        0,
        0,
        0,
        0
      ]
    },
    {
      "command": "py run_codeql.py LinkedListRemove DelSelf",
      "mean": 19.320298265999998,
      "stddev": 1.9620333492442454,
      "median": 18.421017826,
      "user": 40.3940625,
      "system": 4.0703125,
      "min": 18.287949226,
      "max": 22.812458925999998,
      "times": [
        18.775653926,
        22.812458925999998,
        18.304411425999998,
        18.287949226,
        18.421017826
      ],
      "exit_codes": [
        0,
        0,
        0,
        0,
        0
      ]
    }
  ]
}
