{
  "results": [
    {
      "command": "py run_pyttern.py QBF01 IfIsLoop",
      "mean": 905.5485733580001,
      "stddev": 40.85280973772469,
      "median": 906.758873878,
      "user": 858.4549999999999,
      "system": 13.85375,
      "min": 863.975600078,
      "max": 948.527646078,
      "times": [
        863.975600078,
        948.527646078,
        943.5812417779999,
        864.899504978,
        906.758873878
      ],
      "exit_codes": [
        0,
        0,
        0,
        0,
        0
      ]
    },
    {
      "command": "py run_flake8.py QBF01 IfIsLoop",
      "mean": 2128.4608456379997,
      "stddev": 41.72665037507846,
      "median": 2128.005810878,
      "user": 1109.4299999999998,
      "system": 772.963125,
      "min": 2090.140448278,
      "max": 2193.459670378,
      "times": [
        2128.005810878,
        2090.140448278,
        2136.879512978,
        2093.818785678,
        2193.459670378
      ],
      "exit_codes": [
        0,
        0,
        0,
        0,
        0
      ]
    },
    {
      "command": "py run_regex.py QBF01 IfIsLoop",
      "mean": 8.837868918000002,
      "stddev": 0.2878295243239527,
      "median": 8.868676178,
      "user": 3.1862500000000002,
      "system": 5.053749999999999,
      "min": 8.496257078,
      "max": 9.241882477999999,
      "times": [
        8.496257078,
        8.639335678,
        9.241882477999999,
        8.868676178,
        8.943193178
      ],
      "exit_codes": [
        0,
        0,
        0,
        0,
        0
      ]
    }
  ]
}
