{
  "results": [
    {
      "command": "py run_pyttern.py StudentInit InitCreates",
      "mean": 384.38422425600004,
      "stddev": 9.658676768509682,
      "median": 380.30305245600005,
      "user": 359.63468750000004,
      "system": 5.65,
      "min": 373.638199856,
      "max": 396.036663056,
      "times": [
        396.036663056,
        378.89317545600005,
        373.638199856,
        393.050030456,
        380.30305245600005
      ],
      "exit_codes": [
        0,
        0,
        0,
        0,
        0
      ]
    },
    {
      "command": "py run_flake8.py StudentInit InitCreates",
      "mean": 1483.761915436,
      "stddev": 41.60551858926036,
      "median": 1463.484899356,
      "user": 785.5190625,
      "system": 523.15,
      "min": 1446.370592156,
      "max": 1543.1031097559999,
      "times": [
        1446.370592156,
        1543.1031097559999,
        1463.484899356,
        1511.139240856,
        1454.711735056
      ],
      "exit_codes": [
        0,
        0,
        0,
        0,
        0
      ]
    },
    {
      "command": "py run_regex.py StudentInit InitCreates",
      "mean": 4.221879636,
      "stddev": 0.12416449352261286,
      "median": 4.265758156,
      "user": 3.2471875,
      "system": 0.784375,
      "min": 4.056739956,
      "max": 4.344875856,
      "times": [
        4.344875856,
        4.314128356,
        4.265758156,
        4.056739956,
        4.127895856
      ],
      "exit_codes": [
        0,
        0,
        0,
        0,
        0
      ]
    },
    {
      "command": "py run_codeql.py StudentInit InitCreates",
      "mean": 19.202385996,
      "stddev": 0.3785072596479722,
      "median": 19.309529656,
      "user": 40.8659375,
      "system": 4.0125,
      "min": 18.536796056,
      "max": 19.471204055999998,
      "times": [
        19.309529656,
        19.471204055999998,
        19.393975356,
        19.300424856,
        18.536796056
      ],
      "exit_codes": [
        0,
        0,
        0,
        0,
        0
      ]
    }
  ]
}
