{
  "results": [
    {
      "command": "py run_pyttern.py StudentInit InitShouldReturn",
      "mean": 239.37399372599998,
      "stddev": 8.165920991332388,
      "median": 240.602570386,
      "user": 224.47468750000002,
      "system": 4.29125,
      "min": 228.419623386,
      "max": 250.885811286,
      "times": [
        228.419623386,
        236.124655386,
        250.885811286,
        240.837308186,
        240.602570386
      ],
      "exit_codes": [
        0,
        0,
        0,
        0,
        0
      ]
    },
    {
      "command": "py run_flake8.py StudentInit InitShouldReturn",
      "mean": 1489.3889158460001,
      "stddev": 124.496781221899,
      "median": 1494.6848191860001,
      "user": 791.1778125,
      "system": 518.135,
      "min": 1367.0161064860001,
      "max": 1670.033855786,
      "times": [
        1670.033855786,
        1536.159342686,
        1494.6848191860001,
        1367.0161064860001,
        1379.050455086
      ],
      "exit_codes": [
        0,
        0,
        0,
        0,
        0
      ]
    },
    {
      "command": "py run_regex.py StudentInit InitShouldReturn",
      "mean": 2.981260286,
      "stddev": 0.2491800131199231,
      "median": 2.898351986,
      "user": 2.0371875,
      "system": 0.719375,
      "min": 2.728507786,
      "max": 3.3867534860000004,
      "times": [
        2.873056686,
        3.019631486,
        3.3867534860000004,
        2.728507786,
        2.898351986
      ],
      "exit_codes": [
        0,
        0,
        0,
        0,
        0
      ]
    },
    {
      "command": "py run_codeql.py StudentInit InitShouldReturn",
      "mean": 16.379460906,
      "stddev": 0.23353091100682385,
      "median": 16.420560186,
      "user": 35.540312500000006,
      "system": 3.5224999999999995,
      "min": 16.132099086,
      "max": 16.726461186,
      "times": [
        16.420799186,
        16.197384886000002,
        16.132099086,
        16.726461186,
        16.420560186
      ],
      "exit_codes": [
        0,
        0,
        0,
        0,
        0
      ]
    }
  ]
}
