{
  "results": [
    {
      "command": "py run_pyttern.py Fibonacci ManualForLoopAugment",
      "mean": 826.8632397060001,
      "stddev": 41.09006254224657,
      "median": 823.429970326,
      "user": 778.7549999999999,
      "system": 8.3296875,
      "min": 780.107350726,
      "max": 892.601565126,
      "times": [
        823.429970326,
        780.107350726,
        811.563473826,
        826.613838526,
        892.601565126
      ],
      "exit_codes": [
        0,
        0,
        0,
        0,
        0
      ]
    },
    {
      "command": "py run_flake8.py Fibonacci ManualForLoopAugment",
      "mean": 2032.4672676260002,
      "stddev": 59.267912182374026,
      "median": 2011.5319992260002,
      "user": 1074.2081249999999,
      "system": 721.6359375,
      "min": 1962.1440699260002,
      "max": 2115.5903081260003,
      "times": [
        1962.1440699260002,
        2011.5319992260002,
        2065.8996839260003,
        2007.170276926,
        2115.5903081260003
      ],
      "exit_codes": [
        0,
        0,
        0,
        0,
        0
      ]
    },
    {
      "command": "py run_regex.py Fibonacci ManualForLoopAugment",
      "mean": 3.287163806,
      "stddev": 0.14337989440321464,
      "median": 3.3357453259999996,
      "user": 2.0393749999999997,
      "system": 1.0140625,
      "min": 3.065489526,
      "max": 3.4077298259999997,
      "times": [
        3.399496426,
        3.3357453259999996,
        3.227357926,
        3.4077298259999997,
        3.065489526
      ],
      "exit_codes": [
        0,
        0,
        0,
        0,
        0
      ]
    },
    {
      "command": "py run_codeql.py Fibonacci ManualForLoopAugment",
      "mean": 22.549219685999997,
      "stddev": 0.2390420875736073,
      "median": 22.473984226,
      "user": 47.814375,
      "system": 4.4921875,
      "min": 22.237755426,
      "max": 22.861285226,
      "times": [
        22.861285226,
        22.473125826,
        22.699947726,
        22.473984226,
        22.237755426
      ],
      "exit_codes": [
        0,
        0,
        0,
        0,
        0
      ]
    }
  ]
}
