{
  "results": [
    {
      "command": "py run_pyttern.py PrimeNumbers MapToBooleanWithTO",
      "mean": 549.6625956380001,
      "stddev": 89.75826033363097,
      "median": 516.269373158,
      "user": 481.70687499999997,
      "system": 9.98,
      "min": 467.82500465799995,
      "max": 677.4323332580001,
      "times": [
        467.82500465799995,
        516.269373158,
        677.4323332580001,
        606.678062358,
        480.108204758
      ],
      "exit_codes": [
        0,
        0,
        0,
        0,
        0
      ]
    },
    {
      "command": "py run_flake8.py PrimeNumbers MapToBooleanWithTO",
      "mean": 2274.548568418,
      "stddev": 93.41552365657559,
      "median": 2296.043103658,
      "user": 1181.46625,
      "system": 815.1268749999999,
      "min": 2138.845737858,
      "max": 2389.071208858,
      "times": [
        2312.556054858,
        2296.043103658,
        2138.845737858,
        2389.071208858,
        2236.226736858
      ],
      "exit_codes": [
        0,
        0,
        0,
        0,
        0
      ]
    },
    {
      "command": "py run_regex.py PrimeNumbers MapToBooleanWithTO",
      "mean": 3.5021379780000004,
      "stddev": 0.14591700491699724,
      "median": 3.530679258,
      "user": 2.1256250000000003,
      "system": 1.1706249999999998,
      "min": 3.256121658,
      "max": 3.647283958,
      "times": [
        3.546827558,
        3.5297774580000003,
        3.647283958,
        3.256121658,
        3.530679258
      ],
      "exit_codes": [
        0,
        0,
        0,
        0,
        0
      ]
    },
    {
      "command": "py run_codeql.py PrimeNumbers MapToBooleanWithTO",
      "mean": 24.256852037999998,
      "stddev": 0.95445301852684,
      "median": 24.316729658,
      "user": 49.269375000000004,
      "system": 4.97375,
      "min": 23.261368158,
      "max": 25.638134358,
      "times": [
        25.638134358,
        24.316729658,
        24.600624258,
        23.467403758,
        23.261368158
      ],
      "exit_codes": [
        0,
        0,
        0,
        0,
        0
      ]
    }
  ]
}
