{
  "results": [
    {
      "command": "py run_pyttern.py PrimeNumbers MapToBooleanWithIf",
      "mean": 494.43154211399997,
      "stddev": 26.189437788895173,
      "median": 484.872076554,
      "user": 453.02937499999996,
      "system": 8.0934375,
      "min": 477.71788905399995,
      "max": 540.538739254,
      "times": [
        540.538739254,
        484.872076554,
        479.50211505399994,
        477.71788905399995,
        489.526890654
      ],
      "exit_codes": [
        0,
        0,
        0,
        0,
        0
      ]
    },
    {
      "command": "py run_flake8.py PrimeNumbers MapToBooleanWithIf",
      "mean": 2455.614376974,
      "stddev": 52.72906892702444,
      "median": 2472.1082106540002,
      "user": 1276.9356249999998,
      "system": 870.8965625000001,
      "min": 2378.603453654,
      "max": 2511.706732354,
      "times": [
        2378.603453654,
        2472.1082106540002,
        2428.140480354,
        2511.706732354,
        2487.513007854
      ],
      "exit_codes": [
        0,
        0,
        0,
        0,
        0
      ]
    },
    {
      "command": "py run_regex.py PrimeNumbers MapToBooleanWithIf",
      "mean": 4.344719014000001,
      "stddev": 0.09087282903741394,
      "median": 4.364394054,
      "user": 2.229375,
      "system": 1.7903125,
      "min": 4.211855354,
      "max": 4.445639654000001,
      "times": [
        4.445639654000001,
        4.302214554,
        4.3994914540000005,
        4.364394054,
        4.211855354
      ],
      "exit_codes": [
        0,
        0,
        0,
        0,
        0
      ]
    }
  ]
}
