{
  "results": [
    {
      "command": "py run_regex.py Fibonacci MultipleValuesReturn",
      "mean": 3.45478503,
      "stddev": 0.4666627672391456,
      "median": 3.40607251,
      "user": 2.1075000000000004,
      "system": 1.098125,
      "min": 2.80071131,
      "max": 4.09701511,
      "times": [
        3.36969801,
        4.09701511,
        3.60042821,
        3.40607251,
        2.80071131
      ],
      "exit_codes": [
        0,
        0,
        0,
        0,
        0
      ]
    },
    {
      "command": "py run_codeql.py Fibonacci MultipleValuesReturn",
      "mean": 20.09649033,
      "stddev": 0.14076196111526973,
      "median": 20.050172710000002,
      "user": 43.62,
      "system": 4.3637500000000005,
      "min": 19.944495210000003,
      "max": 20.29592731,
      "times": [
        20.29592731,
        20.011571410000002,
        20.050172710000002,
        20.180285010000002,
        19.944495210000003
      ],
      "exit_codes": [
        0,
        0,
        0,
        0,
        0
      ]
    }
  ]
}
