{
  "results": [
    {
      "command": "py run_flake8.py KillAnEnnemy NewAttributesInMethod",
      "mean": 1988.1359309900004,
      "stddev": 29.533572406493757,
      "median": 1983.02228161,
      "user": 1067.2424999999998,
      "system": 708.9790625,
      "min": 1958.41685711,
      "max": 2019.70224351,
      "times": [
        1983.02228161,
        2017.85639351,
        1958.41685711,
        1961.68187921,
        2019.70224351
      ],
      "exit_codes": [
        0,
        0,
        0,
        0,
        0
      ]
    },
    {
      "command": "py run_codeql.py KillAnEnnemy NewAttributesInMethod",
      "mean": 22.53138759,
      "stddev": 0.5834654426231659,
      "median": 22.63862521,
      "user": 47.092499999999994,
      "system": 5.016562500000001,
      "min": 21.74234771,
      "max": 23.27216271,
      "times": [
        22.79952271,
        21.74234771,
        23.27216271,
        22.20427961,
        22.63862521
      ],
      "exit_codes": [
        0,
        0,
        0,
        0,
        0
      ]
    }
  ]
}
