{
  "results": [
    {
      "command": "py run_pyttern.py StudentInit NoEmptyInit",
      "mean": 442.32543346599994,
      "stddev": 20.46250849293259,
      "median": 443.95855178600004,
      "user": 422.43500000000006,
      "system": 6.3149999999999995,
      "min": 420.93433558600003,
      "max": 469.262542386,
      "times": [
        469.262542386,
        423.516915386,
        420.93433558600003,
        443.95855178600004,
        453.954822186
      ],
      "exit_codes": [
        0,
        0,
        0,
        0,
        0
      ]
    },
    {
      "command": "py run_flake8.py StudentInit NoEmptyInit",
      "mean": 1455.8710214460002,
      "stddev": 16.845958286257762,
      "median": 1461.151692186,
      "user": 777.1381250000001,
      "system": 521.79625,
      "min": 1429.856502786,
      "max": 1475.453355886,
      "times": [
        1461.262054086,
        1429.856502786,
        1451.631502286,
        1475.453355886,
        1461.151692186
      ],
      "exit_codes": [
        0,
        0,
        0,
        0,
        0
      ]
    },
    {
      "command": "py run_regex.py StudentInit NoEmptyInit",
      "mean": 2.8152665860000003,
      "stddev": 0.16342110207405902,
      "median": 2.7775440860000002,
      "user": 1.7256250000000002,
      "system": 0.865,
      "min": 2.6859572860000003,
      "max": 3.0910843860000004,
      "times": [
        2.8187064860000004,
        3.0910843860000004,
        2.703040686,
        2.7775440860000002,
        2.6859572860000003
      ],
      "exit_codes": [
        0,
        0,
        0,
        0,
        0
      ]
    },
    {
      "command": "py run_codeql.py StudentInit NoEmptyInit",
      "mean": 19.097099606,
      "stddev": 0.41172345369360197,
      "median": 18.963494686,
      "user": 41.64125,
      "system": 4.20875,
      "min": 18.701191685999998,
      "max": 19.756815786,
      "times": [
        18.963494686,
        19.756815786,
        18.701191685999998,
        18.859125786,
        19.204870086
      ],
      "exit_codes": [
        0,
        0,
        0,
        0,
        0
      ]
    }
  ]
}
