{
  "results": [
    {
      "command": "py run_regex.py SimpleFactorial ReturnCall",
      "mean": 3.033983236,
      "stddev": 0.07163633355582907,
      "median": 2.996368856,
      "user": 1.6803124999999999,
      "system": 1.1928125,
      "min": 2.985855456,
      "max": 3.157260356,
      "times": [
        3.157260356,
        3.036361056,
        2.985855456,
        2.994070456,
        2.996368856
      ],
      "exit_codes": [
        0,
        0,
        0,
        0,
        0
      ]
    },
    {
      "command": "py run_codeql.py SimpleFactorial ReturnCall",
      "mean": 14.471517016000002,
      "stddev": 1.0370752496850806,
      "median": 14.212773856,
      "user": 29.5146875,
      "system": 3.1334375,
      "min": 13.748330656,
      "max": 16.289568056,
      "times": [
        13.884201156000001,
        13.748330656,
        14.222711356000001,
        14.212773856,
        16.289568056
      ],
      "exit_codes": [
        0,
        0,
        0,
        0,
        0
      ]
    }
  ]
}
