{
  "results": [
    {
      "command": "py run_pyttern.py StudentInit SelfAssignable",
      "mean": 349.86604552999995,
      "stddev": 22.454095090512872,
      "median": 357.52695274999996,
      "user": 332.2234375,
      "system": 5.0403125,
      "min": 315.74747355,
      "max": 370.31979865,
      "times": [
        315.74747355,
        357.52695274999996,
        370.31979865,
        366.23960554999996,
        339.49639714999995
      ],
      "exit_codes": [
        0,
        0,
        0,
        0,
        0
      ]
    },
    {
      "command": "py run_flake8.py StudentInit SelfAssignable",
      "mean": 1476.71963385,
      "stddev": 10.929029474496367,
      "median": 1479.15925425,
      "user": 798.1078125,
      "system": 517.2340625,
      "min": 1460.72540035,
      "max": 1486.9775389499998,
      "times": [
        1485.62569855,
        1460.72540035,
        1471.11027715,
        1479.15925425,
        1486.9775389499998
      ],
      "exit_codes": [
        0,
        0,
        0,
        0,
        0
      ]
    },
    {
      "command": "py run_regex.py StudentInit SelfAssignable",
      "mean": 2.4794297700000003,
      "stddev": 0.047755502125901704,
      "median": 2.4696815500000002,
      "user": 1.5765625,
      "system": 0.7184375,
      "min": 2.43179005,
      "max": 2.53788215,
      "times": [
        2.53788215,
        2.4696815500000002,
        2.43802865,
        2.51976645,
        2.43179005
      ],
      "exit_codes": [
        0,
        0,
        0,
        0,
        0
      ]
    },
    {
      "command": "py run_codeql.py StudentInit SelfAssignable",
      "mean": 19.170513449999998,
      "stddev": 0.7081069366825784,
      "median": 19.230405049999998,
      "user": 40.8828125,
      "system": 4.0559375,
      "min": 18.18991865,
      "max": 19.85991395,
      "times": [
        18.767278949999998,
        19.230405049999998,
        18.18991865,
        19.85991395,
        19.80505065
      ],
      "exit_codes": [
        0,
        0,
        0,
        0,
        0
      ]
    }
  ]
}
