{
  "results": [
    {
      "command": "py run_pyttern.py Fibonacci UnusedForLoopVariable",
      "mean": 455.70573727399994,
      "stddev": 24.086198295132945,
      "median": 455.166062894,
      "user": 429.0278125,
      "system": 7.169375,
      "min": 424.586288994,
      "max": 491.652674394,
      "times": [
        424.586288994,
        448.537214694,
        491.652674394,
        455.166062894,
        458.586445394
      ],
      "exit_codes": [
        0,
        0,
        0,
        0,
        0
      ]
    },
    {
      "command": "py run_flake8.py Fibonacci UnusedForLoopVariable",
      "mean": 1539.890300674,
      "stddev": 20.94774231045972,
      "median": 1540.2402461939998,
      "user": 800.1965625,
      "system": 554.806875,
      "min": 1518.1968046939999,
      "max": 1567.461857694,
      "times": [
        1518.1968046939999,
        1520.887360794,
        1540.2402461939998,
        1567.461857694,
        1552.665233994
      ],
      "exit_codes": [
        0,
        0,
        0,
        0,
        0
      ]
    },
    {
      "command": "py run_regex.py Fibonacci UnusedForLoopVariable",
      "mean": 4.597961654000001,
      "stddev": 0.5375027299078146,
      "median": 4.276402894,
      "user": 2.2653125,
      "system": 1.9225,
      "min": 4.126598094,
      "max": 5.382476994,
      "times": [
        4.126598094,
        4.274633894,
        4.276402894,
        5.382476994,
        4.9296963940000005
      ],
      "exit_codes": [
        0,
        0,
        0,
        0,
        0
      ]
    },
    {
      "command": "py run_codeql.py Fibonacci UnusedForLoopVariable",
      "mean": 21.908642374,
      "stddev": 0.5085113085472994,
      "median": 21.949689894,
      "user": 44.4434375,
      "system": 4.063124999999999,
      "min": 21.253497994,
      "max": 22.400180894,
      "times": [
        21.949689894,
        22.400180894,
        22.390822694,
        21.549020394,
        21.253497994
      ],
      "exit_codes": [
        0,
        0,
        0,
        0,
        0
      ]
    }
  ]
}
