{
  "results": [
    {
      "command": "py run_pyttern.py Count UselessForLoopRange",
      "mean": 394.376682648,
      "stddev": 21.329305318149924,
      "median": 393.881046108,
      "user": 358.2175,
      "system": 6.404062499999999,
      "min": 370.76979840800004,
      "max": 423.81890240800004,
      "times": [
        423.81890240800004,
        405.51128760800003,
        377.902378708,
        393.881046108,
        370.76979840800004
      ],
      "exit_codes": [
        0,
        0,
        0,
        0,
        0
      ]
    },
    {
      "command": "py run_flake8.py Count UselessForLoopRange",
      "mean": 1497.1093741480001,
      "stddev": 20.583744262943192,
      "median": 1487.026950708,
      "user": 784.883125,
      "system": 535.2571875,
      "min": 1480.445891908,
      "max": 1528.314929608,
      "times": [
        1507.757908608,
        1480.445891908,
        1528.314929608,
        1482.001189908,
        1487.026950708
      ],
      "exit_codes": [
        0,
        0,
        0,
        0,
        0
      ]
    },
    {
      "command": "py run_regex.py Count UselessForLoopRange",
      "mean": 3.0424466279999995,
      "stddev": 0.17242622779225614,
      "median": 2.9466994079999997,
      "user": 1.6018750000000002,
      "system": 1.2509374999999998,
      "min": 2.9159417079999996,
      "max": 3.317765308,
      "times": [
        2.9466994079999997,
        3.317765308,
        2.924963408,
        2.9159417079999996,
        3.106863308
      ],
      "exit_codes": [
        0,
        0,
        0,
        0,
        0
      ]
    }
  ]
}
