{
  "results": [
    {
      "command": "py run_pyttern.py SecondDegree WastedReturnValue",
      "mean": 2118.874320106,
      "stddev": 29.615218208832,
      "median": 2109.4601549060003,
      "user": 2069.3846875000004,
      "system": 9.590937499999999,
      "min": 2094.0050465060003,
      "max": 2170.329048806,
      "times": [
        2109.4601549060003,
        2170.329048806,
        2112.038192006,
        2094.0050465060003,
        2108.539158306
      ],
      "exit_codes": [
        0,
        0,
        0,
        0,
        0
      ]
    },
    {
      "command": "py run_flake8.py SecondDegree WastedReturnValue",
      "mean": 1455.6960743060001,
      "stddev": 3.1281228028000863,
      "median": 1456.4030616060002,
      "user": 761.7440625,
      "system": 518.6284375,
      "min": 1450.469936806,
      "max": 1458.624063406,
      "times": [
        1455.628738906,
        1450.469936806,
        1458.624063406,
        1456.4030616060002,
        1457.354570806
      ],
      "exit_codes": [
        0,
        0,
        0,
        0,
        0
      ]
    },
    {
      "command": "py run_regex.py SecondDegree WastedReturnValue",
      "mean": 19.321997525999997,
      "stddev": 1.2456492190740522,
      "median": 18.855581706,
      "user": 18.037812499999998,
      "system": 1.0440625000000001,
      "min": 18.169309606,
      "max": 21.356869506,
      "times": [
        18.648710806,
        18.169309606,
        18.855581706,
        19.579516006,
        21.356869506
      ],
      "exit_codes": [
        0,
        0,
        0,
        0,
        0
      ]
    },
    {
      "command": "py run_codeql.py SecondDegree WastedReturnValue",
      "mean": 19.907088885999997,
      "stddev": 0.824355902586764,
      "median": 20.211037806,
      "user": 41.7565625,
      "system": 3.9034375,
      "min": 18.540213905999998,
      "max": 20.630053606,
      "times": [
        18.540213905999998,
        19.779535006,
        20.630053606,
        20.211037806,
        20.374604106
      ],
      "exit_codes": [
        0,
        0,
        0,
        0,
        0
      ]
    }
  ]
}
